all_awardings,associated_award,author,author_flair_background_color,author_flair_css_class,author_flair_richtext,author_flair_template_id,author_flair_text,author_flair_text_color,author_flair_type,author_fullname,author_patreon_flair,author_premium,awarders,body,collapsed_because_crowd_control,comment_type,created_utc,gildings,id,is_submitter,link_id,locked,no_follow,parent_id,permalink,retrieved_on,score,send_replies,stickied,subreddit,subreddit_id,top_awarded_type,total_awards_received,treatment_tags,distinguished
[],,vladdeh_boiii,,,[],,,,text,t2_pcobda8,False,False,[],Maybe,,,1619548819,{},gw2xwyn,False,t3_mzt8mk,False,True,t1_gw2x4pu,/r/AskReddit/comments/mzt8mk/what_are_you_procrastinating_doing_by_answering/gw2xwyn/,1619560922,2,True,False,AskReddit,t5_2qh1i,,0,[],
[],,Livinghumanlifeform,,,[],,,,text,t2_6nuwxho5,False,False,[],Iâ€™d keep them all. Seeing fish in a bunch of fish? A single baby Pac-Man in a hundred? Keep them all. I can call to them,,,1619548819,{},gw2xwxl,False,t3_mz4zuo,False,True,t3_mz4zuo,/r/AskReddit/comments/mz4zuo/if_your_pet_was_in_a_room_with_100_animals_that/gw2xwxl/,1619560922,1,True,False,AskReddit,t5_2qh1i,,0,[],
[],,AutoModerator,,,[],,,,text,t2_6l4z3,False,True,[],"**PLEASE READ THIS MESSAGE IN ITS ENTIRETY BEFORE TAKING ACTION.**

Hi there, your post has been removed for one of the following reasons: 

* [Rule 3:](https://www.reddit.com/r/AskReddit/wiki/index#wiki_-rule_3-) You must phrase the question to require more of an explanation than just ""yes"" or ""no"".  You may want to try to post your question in /r/polls.

* [Rule 3:](https://www.reddit.com/r/AskReddit/wiki/index#wiki_-rule_3-) Questions with a single correct answer, that can be researched elsewhere are not allowed on AskReddit.

* [Rule 1:](http://www.reddit.com/r/AskReddit/wiki/index#wiki_-rule_1-) You must post a clear and direct question in the title.  *The question must be a full sentence*.  Try including question phrases like ""What is..."", ""What are..."".

*I am a bot, and this action was performed automatically. Please [contact the moderators of this subreddit](/message/compose/?to=/r/AskReddit) if you have any questions or concerns.*",,,1619548818,{},gw2xwv5,False,t3_mzved9,False,True,t3_mzved9,/r/AskReddit/comments/mzved9/is_jake_paul_the_best_youtube_boxer/gw2xwv5/,1619560921,1,False,False,AskReddit,t5_2qh1i,,0,[],moderator
[],,YorkieLon,,,[],,,,text,t2_1h14xt2,False,False,[],Flabbergasted,,,1619548816,{},gw2xwq1,False,t3_mzv8ul,False,True,t3_mzv8ul,/r/AskReddit/comments/mzv8ul/people_of_reddit_whats_your_favorite_word/gw2xwq1/,1619560917,2,True,False,AskReddit,t5_2qh1i,,0,[],
